{"E": [395.2507142857133, 426.8080286738385, 448.1145547363008, 457.74212217101876, 467.277595340501, 475.9502227854611, 483.6008332821343, 490.204230363544, 495.77912677931425, 500.36040563236423, 504.0008141321054, 506.9348268305162, 509.51057711213394, 511.11328812084275, 512.2769570916511, 513.1761817204331, 513.8292646697414, 514.2850351254461, 514.449862160777, 514.2157583717344, 513.580525294414, 512.5358810547846, 510.95990880696627, 508.69966021505365, 506.23964249871744, 502.4928314900086, 497.09565345622, 489.62801889401374, 479.86787721454147, 466.49321500256013, 446.4157845366114, 434.6369991807482, 426.90392457757423, 420.88366292882785, 415.69602923706975, 410.356320737327, 406.0037403481816, 399.4314890425005, 391.14401648745866, 381.54119774705407, 369.7566098310298, 356.73166661546463, 342.4454179211477, 329.96583993855563, 320.84405386584984, 313.2316176139287, 306.32587352790324, 299.5286631336399, 292.9047036354333, 286.56220005120514, 280.6009213517678, 274.88999677419173, 269.36956195596855, 264.0214119815694, 258.85629334357395, 253.85526825396977, 249.00063778802098, 244.24536195596576, 239.5793032770101, 234.86310783410119, 230.0809380440365, 225.39614736303443, 220.71249370199615, 215.98467798259185, 211.21970573476705, 206.4598378904262, 201.72868597030282, 193.89451413210455, 190.10516646185357, 186.39153691756297, 182.75360286738368, 179.21064383000285, 175.7613398873517, 172.4105305683567, 169.1682318996411, 166.03390261136718, 162.9851827956996, 160.01429569892426, 157.11402928827448, 154.29817716333778, 151.63302416794602, 149.0980751664099, 146.69557788018506, 144.4172187403993, 142.26332375832067, 140.2276308755766, 138.3162086021502, 136.52009370199616, 134.82153164362376, 133.2186354838715, 131.69606287762508, 130.24984244751602, 128.8754405017929, 127.56737286226252, 126.3133452124935, 125.11845873015781, 123.97739288274497, 122.88895335381454, 121.84800143369203, 120.85002314388133, 119.89799037378356, 118.9852534050176, 118.1114518177167, 117.27229667178639, 116.46973773681457, 115.70187736815095, 114.96476088069709, 114.25957542242702, 113.58083845366139, 112.9237679467483, 112.29027393753248, 111.66939897593407, 111.05884905273972, 110.45876856118903, 109.8581353814639], "Var": [6.633606972172856e-06, 4.280725261196494e-05, 6.766401929780841e-05, 6.706215208396316e-05, 7.781299063935876e-05, 6.46337284706533e-05, 5.7881115935742855e-05, 7.008056854829192e-05, 6.634005694650114e-05, 5.503502325154841e-05, 4.956530756317079e-05, 0.06805170746520162, 0.0064649458799976856, 0.0007480290369130671, 0.00025768502382561564, 0.00026176118990406394, 0.00040789542254060507, 0.0007314141257666051, 0.0010730217909440398, 0.0016295979148708284, 0.002101057965774089, 0.0026644374011084437, 0.0031402461463585496, 0.0035847534600179642, 0.003854142443742603, 0.004038008191855624, 0.004253245599102229, 0.0045509896881412715, 0.004977834731107578, 0.0051950213965028524, 0.01007180562010035, 0.02678679078235291, 0.036294878751505166, 0.03183739268570207, 0.06795396181405522, 0.1602702058153227, 0.07707142742583528, 0.029073409154079854, 0.04684954299591482, 0.07812908675987273, 0.1168875437870156, 0.09713635785738006, 3.658945166898775, 0.5185279200668447, 0.13465222806553356, 0.0732933229446644, 0.06067088415147737, 0.08390312019037083, 0.09744240906729829, 0.08367416767578106, 0.07723000296391547, 0.07822688357555307, 0.08009144719108008, 0.083280480132089, 0.0861130674747983, 0.0879481542724534, 0.08945680871693185, 0.09000157046830282, 0.09081938966846792, 0.0923128176073078, 0.09536798937187996, 0.09929515377734788, 0.10319836318376474, 0.10589905067899963, 0.10869425049168058, 0.10960211980273016, 0.10994186193420319, 0.004086046836164314, 0.0043436090418254025, 0.004867833238677122, 0.0051378325442783535, 0.005085852732008789, 0.00495734678406734, 0.005058916478446918, 0.004816336935618892, 0.004455183290701825, 0.004374238342279568, 0.004032679044030374, 0.003827056338195689, 0.003963707487855572, 0.003436114333453588, 0.003790826584008755, 0.003852654521324439, 0.003507817255012924, 0.0028716208689729683, 0.0024725277799007017, 0.0017409546053386293, 0.0012972838812856935, 0.0009249299837392755, 0.0006525234348373488, 0.00046950644900789484, 0.00031692410993855447, 0.00019442164921201766, 0.00017924380517797545, 0.00013268867041915655, 0.0001007004775601672, 0.00011886531865457073, 0.00012959633022546768, 0.00017487497098045424, 0.00017158990340249147, 0.0002445758855174063, 0.00030025078922335524, 0.00037795458956679795, 0.0004014892801933456, 0.000442199665485532, 0.0005757838698627893, 0.0005708340850105742, 0.0007303051261260407, 0.0008002078047866235, 0.000758875832616468, 0.0009142300641542533, 0.0009518712995486567, 0.0009551064049446722, 0.0010798689800139982, 0.0010829196944541764], "n_nodes": 168,