{"E": [395.23028309817937, 426.7657096916288, 448.0666628973661, 457.6882990122548, 467.2263712076683, 475.91415456660815, 483.57947521008396, 490.1985244031133, 495.78615158047205, 500.38104406502475, 504.0361813732635, 506.86726964493334, 509.54715657736546, 511.17495879167177, 512.3298843878956, 513.2319070703537, 513.8969404740367, 514.3490267027718, 514.4853844956004, 514.2220850130485, 513.537365194981, 512.381289471168, 510.64656823067673, 508.4198161971497, 505.7114622869825, 501.7207169638254, 496.09466270436, 488.54324620190823, 478.9602395156988, 466.0854788338422, 446.9370780784949, 435.70615081308205, 428.1936925401565, 422.1550004100142, 416.6825355801706, 411.1071141758451, 406.6613880760075, 399.95604615687466, 391.51213204632785, 381.754164974446, 369.80519048792166, 356.59258282123795, 340.3008725016845, 328.9332200686333, 320.0976049030141, 312.5255697552119, 305.6188631969414, 298.8476680657834, 292.2867643049914, 286.01154125281636, 280.09273830650494, 274.40417239684837, 268.8900717538213, 263.531230280036, 258.3336370946171, 253.29511092816222, 248.40478760873367, 243.6245988907865, 238.84432353427923, 234.07786084696383, 229.37991677011158, 224.7476823466558, 220.08812049378574, 215.3758717600303, 210.62428069958463, 205.88003570075645, 201.16497839161275, 193.82200368827725, 190.03189742910206, 186.32329081337153, 182.6916014104776, 179.15404117639002, 175.71317565168468, 172.3718174408626, 169.13823612042117, 166.01163518261694, 162.97147569924923, 160.01039295015434, 157.11545566514445, 154.3085236804691, 151.65068845412836, 149.12330252727196, 146.72523656783164, 144.4534404708536, 142.3052010260148, 140.28167548027182, 138.3803891325715, 136.5878166659896, 134.89913395277011, 133.30068889182607, 131.7858526057581, 130.34398130499784, 128.97570084921927, 127.6686300464133, 126.42101112274645, 125.22734226400458, 124.09090616055856, 123.00255603767184, 121.96491136625679, 120.9699575158701, 120.02018269870355, 119.10773868476969, 118.23334607658548, 117.39616459586199, 116.5927706154305, 115.82169289267893, 115.08469614219267, 114.37788400652047, 113.69444385403025, 113.03789953763473, 112.39807837669515, 111.7757171221217, 111.16271984168881, 110.55753797474821, 109.95731393779049], "Var": [2.749235136434436e-06, 2.465592115186155e-05, 4.415120929479599e-05, 6.398544064722955e-05, 6.010153447277844e-05, 4.9336085794493556e-05, 5.0145783461630344e-05, 5.6965131079778075e-05, 9.725213749334216e-05, 0.00021814138744957745, 0.0003793531795963645, 0.0003995229199063033, 0.0003252023016102612, 0.0001501917140558362, 0.00019691145280376077, 0.0002000809763558209, 0.0004583548870868981, 0.0032969858730211854, 0.0142690489301458, 0.04568601964274421, 0.12678738118847832, 0.2950632077991031, 0.5653346364852041, 0.46257089712889865, 0.9185138721077237, 1.2611081005306914, 1.3791153214406222, 1.141916275548283, 0.6197657605516724, 0.15127462285454385, 0.07164658152032644, 0.0802073672239203, 0.049268104310613126, 0.03633942749002017, 0.07627784309443086, 0.21542745400802232, 0.11212600852013566, 0.03580326697556302, 0.010294697451172397, 0.0066954034846276045, 0.016383594629587606, 0.04271386314940173, 0.10496452874212991, 0.15528790891403332, 0.18361376582470257, 0.1847755427006632, 0.16395286163606215, 0.12589928132365458, 0.08508315587823745, 0.05068174269399606, 0.028125590135459788, 0.015281896339729428, 0.008455738294287585, 0.005605309765087441, 0.00561348520568572, 0.007514585406170227, 0.011428761907154694, 0.014703691966133192, 0.02136245174187934, 0.029369715848588385, 0.01258105321903713, 0.005493386270245537, 0.0022275302399066277, 0.0007581780882901512, 0.0009193271325784735, 0.00245437934063375, 0.005113981598697137, 4.182579868938774e-05, 4.441120836418122e-05, 4.253534279996529e-05, 5.813482130179182e-05, 6.479197327280417e-05, 7.374794222414494e-05, 6.397224933607504e-05, 8.21811772766523e-05, 0.00010634108912199736, 0.00011433948020567186, 0.0001356225329800509, 0.00013161493552615866, 0.00016930740457610227, 0.00018932004968519323, 0.0001807926491892431, 0.00024451970239169896, 0.00023888626310508698, 0.0002593845310912002, 0.00024395539367105812, 0.00033289547718595713, 0.0003279759403085336, 0.0003909076694981195, 0.0003757385456992779, 0.00040946598164737225, 0.000424787838710472, 0.000411085053201532, 0.00044434725350583903, 0.0005046619116910733, 0.0004237845769239357, 0.0005524853622773662, 0.000537444902874995, 0.0005404878193076001, 0.0006025998809491284, 0.0006280533798417309, 0.000556529847017373, 0.0006196474223543191, 0.0005434891136246733, 0.0006494439367088489, 0.0006712212616548641, 0.000603207870881306, 0.000615051265413058, 0.000620891667495016, 0.0006007070642226608, 0.0006434748811443569, 0.0005660152401105734, 0.0006447621490224265, 0.0006630360512644984, 0.0006212696680449881], "n_nodes": 26865}