{"E": [395.23837014037093, 426.78141042075254, 448.08486913818865, 457.7082034068387, 467.245722645314, 475.92893366740736, 483.58892104197884, 490.20292304615464, 495.786895591123, 500.3799360721175, 504.0305148296233, 506.8632797594736, 509.5287549097777, 511.15052044095074, 512.3078619237741, 513.2077162325286, 513.8699843687228, 514.3322657314043, 514.4912166332446, 514.2650755510805, 513.6405501001846, 512.5752190381023, 510.9502991984111, 508.6854156312675, 506.14668797595806, 502.317942284582, 496.83553827656203, 489.32124789581667, 479.5989478957872, 466.40906052105703, 446.81654328657925, 435.4270751503019, 427.8809721442937, 421.84151122245146, 416.28419939878677, 410.6863905811763, 406.28829879759803, 399.6470849699415, 391.27199178357085, 381.5784432865688, 369.68600781563305, 356.560053106218, 340.5018507013956, 329.1009617234568, 320.27004889780017, 312.7049877755467, 305.7924817635284, 298.99654348697277, 292.3988036072151, 286.0848883767674, 280.13568216433237, 274.42581422845967, 268.89741222445315, 263.5330675350713, 258.34145551102705, 253.31471863727543, 248.4394923847715, 243.67237154309925, 238.96673647295867, 234.23150521042916, 229.46836733468217, 224.79319118236208, 220.11021142284213, 215.38190621242268, 210.6173755511058, 205.86003166333143, 201.13432204408733, 193.82092965932608, 190.0303663325529, 186.31986513025274, 182.68661082164863, 179.1473737475088, 175.70415651305916, 172.36056653303444, 169.1247410821705, 165.99569358719748, 162.9547150301105, 159.9896507014111, 157.09391202405612, 154.28382184362917, 151.62417434870065, 149.0943749498963, 146.69530360724062, 144.42168056114696, 142.27232965929014, 140.24682264529852, 138.34157935870408, 136.54887094185858, 134.8582957915782, 133.25925531063115, 131.7421955911876, 130.2995292584974, 128.9296735471281, 127.62332625250028, 126.37353046091876, 125.1802074148593, 124.04126032061846, 122.95360801604146, 121.91432845692337, 120.92046893790005, 119.96898176355486, 119.05735711421879, 118.18316192387111, 117.34569979959991, 116.54252645288865, 115.77332605207556, 115.03593747492064, 114.32836553104035, 113.64767675350507, 112.99041182366643, 112.35333647293452, 111.7316112224554, 111.12060380762274, 110.51561262523475, 109.9157817635445], "Var": [5.531750519063398e-05, 0.00025348165493340016, 0.00037842976899702335, 0.0004895999082335444, 0.0004832914110379613, 0.00035875271420571323, 0.0002666274329823814, 0.00020679047088177182, 0.00018537066192527937, 0.00021242276693636108, 0.00028312372797728423, 0.005205303297736963, 0.00090054393881931, 0.0005030577986035685, 0.0005150097926928214, 0.0006341992355058129, 0.000752492741634525, 0.0016261690661488412, 0.005094337438765022, 0.015581936175801427, 0.04314766732964296, 0.10032153719266824, 0.19333776017968965, 0.1567218973909446, 0.3238909042441767, 0.47930919666888583, 0.5931530950279754, 0.5687033064834781, 0.3624790333572657, 0.10924886487429414, 0.04595393690383605, 0.1095591707051346, 0.14285693669898358, 0.1369084075894757, 0.28027852737437736, 0.46824791197543103, 0.3030802421828991, 0.15373114588631917, 0.07961972618498846, 0.04864029808618967, 0.047313178696431375, 0.0438203759372446, 0.6597758875295537, 0.17296650394574956, 0.11472210582545322, 0.1070723826160813, 0.10057414946702765, 0.08794423287841524, 0.07157943437576929, 0.05709164886289155, 0.048776546675871585, 0.04510257751298468, 0.04421654790667915, 0.04525069243300458, 0.04787525022513996, 0.05116904909153255, 0.054016381605335756, 0.05576671646475514, 0.06314426522282279, 0.06939909907103227, 0.05878467107726763, 0.05524524721683824, 0.054414646683138015, 0.054406346314100566, 0.05471241487319275, 0.055143950901240385, 0.05567292915333349, 0.000982881224532492, 0.0010321704095968688, 0.0010565329123574843, 0.0010666457345953472, 0.0010498262446737643, 0.001028148249163256, 0.0010016249320684318, 0.0009760672300910106, 0.0009598736462502842, 0.0009426422390271284, 0.0009444771888868403, 0.0009508022802718261, 0.0009831590418914685, 0.0010109956546356512, 0.0010725251440357369, 0.0011152765601339576, 0.0011315123876609946, 0.0011345867155156718, 0.001133217042300747, 0.0011356358865622228, 0.0011519717207565752, 0.0011821257337921184, 0.0012220947363259737, 0.0012727144494999352, 0.0013161130717952436, 0.00136798761687673, 0.0014201103929703533, 0.0014711530801481806, 0.0015240351354011198, 0.0015682733153282251, 0.001616589434741508, 0.0016583005328897722, 0.0016798482335414582, 0.0017019030742446003, 0.0017190111467829184, 0.0017541545421901191, 0.001733604468897874, 0.0017423204425290847, 0.0017179494014482584, 0.001703291481399448, 0.0016687353249183958, 0.0016276907020853653, 0.001580457655792633, 0.0015178358841529316, 0.001475315785880102, 0.001433617380292365, 0.0013977910229680931, 0.001359282633362913], "n_nodes": 49900}